u;theta rad;omega rad/s
0;0;0
0;0;0
0;0;0
0;0;0
0;0;0
0;0;0
0;0;0
0;0;0
0;0;0
0;0;0
5;0;0
5;1;0
5;1.912545455;15
5;3.939272727;20.26727273
5;6.094454545;21.55181818
5;8.349545455;22.55090909
5;10.70454545;23.55
5;13.17372727;24.69181818
5;15.72854545;25.54818182
5;18.39754545;26.69
5;21.16645455;27.68909091
5;24.021;28.54545455
5;26.96118182;29.40181818
5;30.00127273;30.40090909
5;33.14127273;31.4
5;36.33836364;31.97090909
5;39.64963636;33.11272727
5;43.018;33.68363636
5;46.48627273;34.68272727
5;50.01163636;35.25363636
5;53.62263636;36.11
5;57.29072727;36.68090909
5;61.04445455;37.53727273
5;64.86954545;38.25090909
5;68.75172727;38.82181818
5;72.71954545;39.67818182
5;76.74445455;40.24909091
5;80.82645455;40.82
5;84.97981818;41.53363636
5;89.19027273;42.10454545
5;93.45781818;42.67545455
5;97.79672727;43.38909091
5;102.1784545;43.81727273
5;106.6172727;44.38818182
5;111.1274545;45.10181818
5;115.6947273;45.67272727
5;120.2905455;45.95818182
5;124.9434545;46.52909091
5;129.6534545;47.1
5;134.4205455;47.67090909
5;139.2161818;47.95636364
5;144.0689091;48.52727273
5;148.9787273;49.09818182
5;153.9313636;49.52636364
5;158.9268182;49.95454545
5;163.9650909;50.38272727
5;169.0461818;50.81090909
5;174.1700909;51.23909091
5;179.3368182;51.66727273
5;184.5606364;52.23818182
5;189.813;52.52363636
5;195.1081818;52.95181818
5;200.4319091;53.23727273
5;205.7984545;53.66545455
5;211.2078182;54.09363636
5;216.66;54.52181818
5;222.1264545;54.66454545
5;227.6357273;55.09272727
5;233.1735455;55.37818182
5;238.7399091;55.66363636
5;244.3490909;56.09181818
5;249.9868182;56.37727273
5;255.6530909;56.66272727
5;261.3336364;56.80545455
5;267.057;57.23363636
5;272.8089091;57.51909091
5;278.5750909;57.66181818
5;284.3698182;57.94727273
5;290.1930909;58.23272727
5;296.0306364;58.37545455
5;301.8967273;58.66090909
5;307.7770909;58.80363636
5;313.7002727;59.23181818
5;319.6234545;59.23181818
5;325.5751818;59.51727273
5;331.5411818;59.66
5;337.5214545;59.80272727
5;343.5302727;60.08818182
5;349.5533636;60.23090909
5;355.5907273;60.37363636
5;361.6423636;60.51636364
5;367.7082727;60.65909091
5;373.8027273;60.94454545
5;379.9114545;61.08727273
5;386.0344545;61.23
5;392.1717273;61.37272727
5;398.3232727;61.51545455
5;404.5033636;61.80090909
5;410.6834545;61.80090909
5;416.8778182;61.94363636
5;423.1007273;62.22909091
5;429.3236364;62.22909091
5;435.5465455;62.22909091
5;441.798;62.51454545
5;448.0494545;62.51454545
5;454.3151818;62.65727273
5;460.5951818;62.8
5;466.8894545;62.94272727
5;473.1694545;62.8
5;479.478;63.08545455
5;485.7865455;63.08545455
5;492.1093636;63.22818182
5;498.4464545;63.37090909
5;504.7978182;63.51363636
5;511.1491818;63.51363636
5;517.5005455;63.51363636
5;523.8661818;63.65636364
5;530.2460909;63.79909091
5;536.626;63.79909091
5;543.0201818;63.94181818
5;549.4143636;63.94181818
5;555.8228182;64.08454545
5;562.2312727;64.08454545
5;568.654;64.22727273
5;575.0767273;64.22727273
5;581.4994545;64.22727273
5;587.9364545;64.37
5;594.3734545;64.37
5;600.8247273;64.51272727
5;607.2902727;64.65545455
5;613.7415455;64.51272727
5;620.2213636;64.79818182
5;626.6869091;64.65545455
5;633.1667273;64.79818182
5;639.6608182;64.94090909
5;646.1406364;64.79818182
5;652.649;65.08363636
5;659.1430909;64.94090909
5;665.6371818;64.94090909
5;672.1455455;65.08363636
5;678.6539091;65.08363636
5;685.1765455;65.22636364
5;691.6849091;65.08363636
5;698.2075455;65.22636364
5;704.7301818;65.22636364
5;711.2670909;65.36909091
5;717.7897273;65.22636364
5;724.3266364;65.36909091
5;730.8778182;65.51181818
5;737.4147273;65.36909091
5;743.9516364;65.36909091
5;750.5028182;65.51181818
5;757.054;65.51181818
5;763.6051818;65.51181818
5;770.1563636;65.51181818
5;776.7075455;65.51181818
5;783.273;65.65454545
5;789.8241818;65.51181818
5;796.3896364;65.65454545
5;802.9550909;65.65454545
5;809.5205455;65.65454545
5;816.1002727;65.79727273
5;822.6657273;65.65454545
5;829.2311818;65.65454545
5;835.8109091;65.79727273
5;842.3763636;65.65454545
5;848.9560909;65.79727273
5;855.5358182;65.79727273
5;862.1155455;65.79727273
5;868.681;65.65454545
5;875.2607273;65.79727273
5;881.8547273;65.94
5;888.4201818;65.65454545
5;895.0141818;65.94
5;901.5796364;65.65454545
5;908.1736364;65.94
5;914.7533636;65.79727273
5;921.3330909;65.79727273
5;927.9128182;65.79727273
5;934.4925455;65.79727273
5;941.0722727;65.79727273
5;947.652;65.79727273
5;954.2317273;65.79727273
5;960.8114545;65.79727273
5;967.3911818;65.79727273
5;973.9709091;65.79727273
5;980.5649091;65.94
5;987.1446364;65.79727273
5;993.7243636;65.79727273
5;1000.304091;65.79727273
5;1006.883818;65.79727273
5;1013.463545;65.79727273
5;1020.043273;65.79727273
5;1026.623;65.79727273
5;1033.202727;65.79727273
5;1039.782455;65.79727273
5;1046.362182;65.79727273
5;1052.941909;65.79727273
5;1059.521636;65.79727273
5;1066.087091;65.65454545
5;1072.666818;65.79727273
5;1079.246545;65.79727273
5;1085.812;65.65454545
5;1092.391727;65.79727273
5;1098.957182;65.65454545
5;1105.522636;65.65454545
5;1112.073818;65.51181818
5;1118.639273;65.65454545
5;1125.204727;65.65454545
5;1131.755909;65.51181818
5;1138.321364;65.65454545
5;1144.886818;65.65454545
5;1151.438;65.51181818
5;1158.003455;65.65454545
5;1164.554636;65.51181818
5;1171.105818;65.51181818
5;1177.657;65.51181818
5;1184.222455;65.65454545
5;1190.773636;65.51181818
5;1197.324818;65.51181818
5;1203.876;65.51181818
5;1210.441455;65.65454545
5;1216.992636;65.51181818
5;1223.543818;65.51181818
5;1230.109273;65.65454545
5;1236.660455;65.51181818
5;1243.225909;65.65454545
5;1249.777091;65.51181818
5;1256.342545;65.65454545
5;1262.893727;65.51181818
5;1269.444909;65.51181818
5;1275.996091;65.51181818
5;1282.547273;65.51181818
5;1289.112727;65.65454545
5;1295.663909;65.51181818
5;1302.215091;65.51181818
5;1308.766273;65.51181818
5;1315.317455;65.51181818
5;1321.882909;65.65454545
5;1328.419818;65.36909091
5;1334.971;65.51181818
5;1341.522182;65.51181818
5;1348.059091;65.36909091
5;1354.610273;65.51181818
5;1361.161455;65.51181818
5;1367.712636;65.51181818
5;1374.263818;65.51181818
5;1380.815;65.51181818
5;1387.351909;65.36909091
5;1393.903091;65.51181818
5;1400.468545;65.65454545
5;1407.005455;65.36909091
5;1413.570909;65.65454545
5;1420.122091;65.51181818
5;1426.673273;65.51181818
5;1433.224455;65.51181818
5;1439.775636;65.51181818
5;1446.341091;65.65454545
5;1452.892273;65.51181818
5;1459.457727;65.65454545
5;1466.023182;65.65454545
5;1472.574364;65.51181818
5;1479.139818;65.65454545
5;1485.691;65.51181818
5;1492.256455;65.65454545
5;1498.807636;65.51181818
5;1505.358818;65.51181818
5;1511.924273;65.65454545
5;1518.475455;65.51181818
5;1525.026636;65.51181818
5;1531.592091;65.65454545
5;1538.143273;65.51181818
5;1544.694455;65.51181818
5;1551.259909;65.65454545
5;1557.796818;65.36909091
5;1564.348;65.51181818
5;1570.913455;65.65454545
5;1577.464636;65.51181818
5;1584.015818;65.51181818
5;1590.581273;65.65454545
5;1597.132455;65.51181818
5;1603.683636;65.51181818
5;1610.249091;65.65454545
5;1616.814545;65.65454545
5;1623.365727;65.51181818
5;1629.916909;65.51181818
5;1636.482364;65.65454545
5;1643.033545;65.51181818
5;1649.599;65.65454545
5;1656.150182;65.51181818
5;1662.715636;65.65454545
5;1669.266818;65.51181818
5;1675.818;65.51181818
5;1682.383455;65.65454545
5;1688.948909;65.65454545
5;1695.514364;65.65454545
5;1702.065545;65.51181818
5;1708.631;65.65454545
5;1715.182182;65.51181818
5;1721.747636;65.65454545
5;1728.313091;65.65454545
5;1734.864273;65.51181818
5;1741.415455;65.51181818
5;1747.966636;65.51181818
5;1754.517818;65.51181818
5;1761.083273;65.65454545
5;1767.648727;65.65454545
5;1774.199909;65.51181818
5;1780.765364;65.65454545
5;1787.316545;65.51181818
-5;1793.639364;63.22818182
-5;1799.562545;59.23181818
-5;1805.057545;54.95
-5;1810.152909;50.95363636
-5;1814.848636;46.95727273
-5;1819.144727;42.96090909
-5;1823.012636;38.67909091
-5;1826.495182;34.82545455
-5;1829.578091;30.82909091
-5;1832.275636;26.97545455
-5;1834.602091;23.26454545
-5;1836.528909;19.26818182
-5;1838.098909;15.7
-5;1839.283545;11.84636364
-5;1840.097091;8.135454545
-5;1840.539545;4.424545455
-5;1840.639455;0.999090909
-5;1840.482455;-1.57
-5;1840.139909;-3.425454545
-5;1839.626091;-5.138181818
-5;1838.941;-6.850909091
-5;1838.098909;-8.420909091
-5;1837.085545;-10.13363636
-5;1835.972273;-11.13272727
-5;1834.716273;-12.56
-5;1833.303273;-14.13
-5;1831.733273;-15.7
-5;1830.034818;-16.98454545
-5;1828.207909;-18.26909091
-5;1826.238273;-19.69636364
-5;1824.125909;-21.12363636
-5;1821.899364;-22.26545455
-5;1819.530091;-23.69272727
-5;1817.032364;-24.97727273
-5;1814.449;-25.83363636
-5;1811.708636;-27.40363636
-5;1808.882636;-28.26
-5;1805.942455;-29.40181818
-5;1802.888091;-30.54363636
-5;1799.733818;-31.54272727
-5;1796.479636;-32.54181818
-5;1793.139818;-33.39818182
-5;1789.700091;-34.39727273
-5;1786.160455;-35.39636364
-5;1782.535182;-36.25272727
-5;1778.81;-37.25181818
-5;1775.013455;-37.96545455
-5;1771.117;-38.96454545
-5;1767.149182;-39.67818182
-5;1763.11;-40.39181818
-5;1758.999455;-41.10545455
-5;1754.803273;-41.96181818
-5;1750.535727;-42.67545455
-5;1746.196818;-43.38909091
-5;1741.772273;-44.24545455
-5;1737.304909;-44.67363636
-5;1732.766182;-45.38727273
-5;1728.156091;-46.10090909
-5;1723.517455;-46.38636364
-5;1718.793182;-47.24272727
-5;1714.026091;-47.67090909
-5;1709.201909;-48.24181818
-5;1704.334909;-48.67
-5;1699.396545;-49.38363636
-5;1694.415364;-49.81181818
-5;1689.377091;-50.38272727
-5;1684.324545;-50.52545455
-5;1679.200636;-51.23909091
-5;1674.033909;-51.66727273
-5;1668.824364;-52.09545455
-5;1663.586273;-52.38090909
-5;1658.291091;-52.95181818
-5;1652.953091;-53.38
-5;1647.600818;-53.52272727
-5;1642.177182;-54.23636364
-5;1636.739273;-54.37909091
-5;1631.244273;-54.95
-5;1625.706455;-55.37818182
-5;1620.154364;-55.52090909
-5;1614.573727;-55.80636364
-5;1608.936;-56.37727273
-5;1603.298273;-56.37727273
-5;1597.603455;-56.94818182
-5;1591.880091;-57.23363636
-5;1586.156727;-57.23363636
-5;1580.390545;-57.66181818
-5;1574.581545;-58.09
-5;1568.772545;-58.09
-5;1562.920727;-58.51818182
-5;1557.054636;-58.66090909
-5;1551.131455;-59.23181818
-5;1545.222545;-59.08909091
-5;1539.270818;-59.51727273
-5;1533.290545;-59.80272727
-5;1527.296;-59.94545455
-5;1521.287182;-60.08818182
-5;1515.249818;-60.37363636
-5;1509.198182;-60.51636364
-5;1503.132273;-60.65909091
-5;1497.037818;-60.94454545
-5;1490.914818;-61.23
-5;1484.777545;-61.37272727
-5;1478.626;-61.51545455
-5;1472.460182;-61.65818182
-5;1466.265818;-61.94363636
-5;1460.057182;-62.08636364
-5;1453.834273;-62.22909091
-5;1447.597091;-62.37181818
-5;1441.345636;-62.51454545
-5;1435.079909;-62.65727273
-5;1428.785636;-62.94272727
-5;1422.477091;-63.08545455
-5;1416.154273;-63.22818182
-5;1409.817182;-63.37090909
-5;1403.465818;-63.51363636
-5;1397.114455;-63.51363636
-5;1390.734545;-63.79909091
-5;1384.354636;-63.79909091
-5;1377.960455;-63.94181818
-5;1371.552;-64.08454545
-5;1365.143545;-64.08454545
-5;1358.720818;-64.22727273
-5;1352.269545;-64.51272727
-5;1345.832545;-64.37
-5;1339.381273;-64.51272727
-5;1332.915727;-64.65545455
-5;1326.435909;-64.79818182
-5;1319.956091;-64.79818182
-5;1313.476273;-64.79818182
-5;1306.967909;-65.08363636
-5;1300.459545;-65.08363636
-5;1293.951182;-65.08363636
-5;1287.414273;-65.36909091
-5;1280.891636;-65.22636364
-5;1274.340455;-65.51181818
-5;1267.789273;-65.51181818
-5;1261.238091;-65.51181818
-5;1254.686909;-65.51181818
-5;1248.107182;-65.79727273
-5;1241.527455;-65.79727273
-5;1234.947727;-65.79727273
-5;1228.353727;-65.94
-5;1221.745455;-66.08272727
-5;1215.151455;-65.94
-5;1208.528909;-66.22545455
-5;1201.920636;-66.08272727
-5;1195.298091;-66.22545455
-5;1188.661273;-66.36818182
-5;1182.038727;-66.22545455
-5;1175.401909;-66.36818182
-5;1168.765091;-66.36818182
-5;1162.128273;-66.36818182
-5;1155.477182;-66.51090909
-5;1148.826091;-66.51090909
-5;1142.175;-66.51090909
-5;1135.495364;-66.79636364
-5;1128.83;-66.65363636
-5;1122.150364;-66.79636364
-5;1115.470727;-66.79636364
-5;1108.776818;-66.93909091
-5;1102.097182;-66.79636364
-5;1095.417545;-66.79636364
-5;1088.723636;-66.93909091
-5;1082.029727;-66.93909091
-5;1075.335818;-66.93909091
-5;1068.641909;-66.93909091
-5;1061.933727;-67.08181818
-5;1055.225545;-67.08181818
-5;1048.517364;-67.08181818
-5;1041.809182;-67.08181818
-5;1035.086727;-67.22454545
-5;1028.35;-67.36727273
-5;1021.627545;-67.22454545
-5;1014.905091;-67.22454545
-5;1008.168364;-67.36727273
-5;1001.445909;-67.22454545
-5;994.6949091;-67.51
-5;987.9581818;-67.36727273
-5;981.2214545;-67.36727273
-5;974.4704545;-67.51
-5;967.7194545;-67.51
-5;960.9684545;-67.51
-5;954.2031818;-67.65272727
-5;947.4521818;-67.51
-5;940.6869091;-67.65272727
-5;933.9073636;-67.79545455
-5;927.1420909;-67.65272727
-5;920.3768182;-67.65272727
-5;913.6115455;-67.65272727
-5;906.8462727;-67.65272727
-5;900.0667273;-67.79545455
-5;893.3014545;-67.65272727
-5;886.5219091;-67.79545455
-5;879.7423636;-67.79545455
-5;872.9628182;-67.79545455
-5;866.1832727;-67.79545455
-5;859.4037273;-67.79545455
-5;852.6241818;-67.79545455
-5;845.8303636;-67.93818182
-5;839.0508182;-67.79545455
-5;832.2712727;-67.79545455
-5;825.4917273;-67.79545455
-5;818.7264545;-67.65272727
-5;811.9611818;-67.65272727
-5;805.1816364;-67.79545455
-5;798.4163636;-67.65272727
-5;791.6368182;-67.79545455
-5;784.8715455;-67.65272727
-5;778.092;-67.79545455
-5;771.3124545;-67.79545455
-5;764.5329091;-67.79545455
-5;757.7676364;-67.65272727
-5;750.9880909;-67.79545455
-5;744.2085455;-67.79545455
-5;737.4432727;-67.65272727
-5;730.6637273;-67.79545455
-5;723.8984545;-67.65272727
-5;717.1331818;-67.65272727
-5;710.3679091;-67.65272727
-5;703.6026364;-67.65272727
-5;696.8373636;-67.65272727
-5;690.0578182;-67.79545455
-5;683.2925455;-67.65272727
-5;676.513;-67.79545455
-5;669.7477273;-67.65272727
-5;662.9824545;-67.65272727
-5;656.2029091;-67.79545455
-5;649.4376364;-67.65272727
-5;642.6580909;-67.79545455
-5;635.8785455;-67.79545455
-5;629.1132727;-67.65272727
-5;622.348;-67.65272727
-5;615.5684545;-67.79545455
-5;608.7889091;-67.79545455
-5;602.0236364;-67.65272727
-5;595.2440909;-67.79545455
-5;588.4645455;-67.79545455
-5;581.685;-67.79545455
-5;574.9197273;-67.65272727
-5;568.1401818;-67.79545455
-5;561.3749091;-67.65272727
-5;554.6096364;-67.65272727
-5;547.8443636;-67.65272727
-5;541.0648182;-67.79545455
-5;534.2995455;-67.65272727
-5;527.5342727;-67.65272727
-5;520.769;-67.65272727
-5;514.0037273;-67.65272727
-5;507.2241818;-67.79545455
-5;500.4589091;-67.65272727
-5;493.6936364;-67.65272727
-5;486.9283636;-67.65272727
-5;480.1630909;-67.65272727
-5;473.3978182;-67.65272727
-5;466.6468182;-67.51
-5;459.8672727;-67.79545455
-5;453.1162727;-67.51
-5;446.351;-67.65272727
-5;439.5857273;-67.65272727
-5;432.8204545;-67.65272727
-5;426.0551818;-67.65272727
-5;419.2899091;-67.65272727
-5;412.5246364;-67.65272727
-5;405.7593636;-67.65272727
-5;398.9798182;-67.79545455
-5;392.2288182;-67.51
-5;385.4635455;-67.65272727
-5;378.7125455;-67.51
-5;371.9472727;-67.65272727
-5;365.1962727;-67.51
-5;358.4452727;-67.51
-5;351.68;-67.65272727
-5;344.9147273;-67.65272727
-5;338.1637273;-67.51
-5;331.3984545;-67.65272727
-5;324.6331818;-67.65272727
-5;317.8679091;-67.65272727
-5;311.1169091;-67.51
-5;304.3373636;-67.79545455
-5;297.5863636;-67.51
-5;290.8353636;-67.51
-5;284.0843636;-67.51
-5;277.3190909;-67.65272727
-5;270.5680909;-67.51
-5;263.8170909;-67.51
-5;257.0660909;-67.51
-5;250.3150909;-67.51
-5;243.5355455;-67.79545455
-5;236.7845455;-67.51
-5;230.0335455;-67.51
-5;223.2825455;-67.51
-5;216.5315455;-67.51
-5;209.7805455;-67.51
-5;203.0295455;-67.51
-5;196.2785455;-67.51
-5;189.5418182;-67.36727273
-5;182.7908182;-67.51
-5;176.0398182;-67.51
-5;169.3030909;-67.36727273
-5;162.5378182;-67.65272727
3;155.9580909;-65.79727273
3;149.6495455;-63.08545455
3;143.6407273;-60.08818182
3;137.9316364;-57.09090909
3;132.508;-54.23636364
3;127.3698182;-51.38181818
3;122.5170909;-48.52727273
3;117.9355455;-45.81545455
3;113.6251818;-43.10363636
3;109.5574545;-40.67727273
3;105.7894545;-37.68
3;102.2640909;-35.25363636
3;99.00990909;-32.54181818
3;96.01263636;-29.97272727
3;93.258;-27.54636364
3;90.76027273;-24.97727273
3;88.51945455;-22.40818182
3;86.52127273;-19.98181818
3;84.76572727;-17.55545455
3;83.28136364;-14.84363636
3;82.01109091;-12.70272727
3;80.96918182;-10.41909091
3;80.15563636;-8.135454545
3;79.57045455;-5.851818182
3;79.22790909;-3.425454545
3;79.14227273;-0.856363636
3;79.18509091;0.428181818
3;79.31354545;1.284545455
3;79.48481818;1.712727273
3;79.72745455;2.426363636
3;80.01290909;2.854545455
3;80.34118182;3.282727273
3;80.698;3.568181818
3;81.05481818;3.568181818
3;81.45445455;3.996363636
3;81.86836364;4.139090909
3;82.31081818;4.424545455
3;82.78181818;4.71
3;83.30990909;5.280909091
3;83.88081818;5.709090909
3;84.50881818;6.28
3;85.20818182;6.993636364
3;85.95036364;7.421818182
3;86.76390909;8.135454545
3;87.606;8.420909091
3;88.47663636;8.706363636
3;89.40436364;9.277272727
3;90.37490909;9.705454545
3;91.38827273;10.13363636
3;92.48727273;10.99
3;93.62909091;11.41818182
3;94.81372727;11.84636364
3;96.04118182;12.27454545
3;97.32572727;12.84545455
3;98.66736364;13.41636364
3;100.0660909;13.98727273
3;101.5076364;14.41545455
3;102.992;14.84363636
3;104.5334545;15.41454545
3;106.1177273;15.84272727
3;107.7590909;16.41363636
3;109.4432727;16.84181818
3;111.156;17.12727273
3;112.9258182;17.69818182
3;114.7384545;18.12636364
3;116.6081818;18.69727273
3;118.5207273;19.12545455
3;120.4618182;19.41090909
3;122.46;19.98181818
3;124.501;20.41
3;126.5848182;20.83818182
3;128.7114545;21.26636364
3;130.8809091;21.69454545
3;133.0931818;22.12272727
3;135.3482727;22.55090909
3;137.6461818;22.97909091
3;139.9726364;23.26454545
3;142.3561818;23.83545455
3;144.7682727;24.12090909
3;147.2089091;24.40636364
3;149.7066364;24.97727273
3;152.2186364;25.12
3;154.7877273;25.69090909
3;157.3853636;25.97636364
3;159.9972727;26.11909091
3;162.6662727;26.69
3;165.3495455;26.83272727
3;168.0756364;27.26090909
3;170.8302727;27.54636364
3;173.6134545;27.83181818
3;176.4394545;28.26
3;179.2797273;28.40272727
3;182.1628182;28.83090909
3;185.0744545;29.11636364
3;188.0146364;29.40181818
3;190.9833636;29.68727273
3;193.9806364;29.97272727
3;197.0064545;30.25818182
3;200.0608182;30.54363636
3;203.1437273;30.82909091
3;206.2694545;31.25727273
3;209.4094545;31.4
3;212.578;31.68545455
3;215.7608182;31.82818182
3;219.0007273;32.39909091
3;222.2406364;32.39909091
3;225.5090909;32.68454545
3;228.8060909;32.97
3;232.1173636;33.11272727
3;235.4571818;33.39818182
3;238.8255455;33.68363636
3;242.2081818;33.82636364
3;245.6193636;34.11181818
3;249.0448182;34.25454545
3;252.4988182;34.54
3;255.9670909;34.68272727
3;259.4496364;34.82545455
3;262.975;35.25363636
3;266.5003636;35.25363636
3;270.04;35.39636364
3;273.6224545;35.82454545
3;277.2191818;35.96727273
3;280.8159091;35.96727273
3;284.4554545;36.39545455
3;288.1092727;36.53818182
3;291.7630909;36.53818182
3;295.4597273;36.96636364
3;299.1563636;36.96636364
3;302.8672727;37.10909091
3;306.6067273;37.39454545
3;310.3461818;37.39454545
3;314.1141818;37.68
3;317.9107273;37.96545455
3;321.7072727;37.96545455
3;325.5323636;38.25090909
3;329.3574545;38.25090909
3;333.1968182;38.39363636
3;337.0504545;38.53636364
3;340.9326364;38.82181818
3;344.8290909;38.96454545
3;348.7255455;38.96454545
3;352.6505455;39.25
3;356.5898182;39.39272727
3;360.5290909;39.39272727
3;364.4969091;39.67818182
3;368.479;39.82090909
3;372.4610909;39.82090909
3;376.4717273;40.10636364
3;380.4966364;40.24909091
3;384.5358182;40.39181818
3;388.575;40.39181818
3;392.6141818;40.39181818
3;396.6961818;40.82
3;400.7781818;40.82
3;404.8459091;40.67727273
3;408.9564545;41.10545455
3;413.0812727;41.24818182
3;417.2060909;41.24818182
3;421.3594545;41.53363636
3;425.5128182;41.53363636
3;429.6947273;41.81909091
3;433.8623636;41.67636364
3;438.0585455;41.96181818
3;442.2547273;41.96181818
3;446.4509091;41.96181818
3;450.6613636;42.10454545
3;454.8718182;42.10454545
3;459.1108182;42.39
3;463.3498182;42.39
3;467.6030909;42.53272727
3;471.8706364;42.67545455
3;476.1381818;42.67545455
3;480.4057273;42.67545455
3;484.7160909;43.10363636
3;489.0121818;42.96090909
3;493.3082727;42.96090909
3;497.6329091;43.24636364
3;501.9432727;43.10363636
3;506.2679091;43.24636364
3;510.6210909;43.53181818
3;514.96;43.38909091
3;519.3131818;43.53181818
3;523.6806364;43.67454545
3;528.0623636;43.81727273
3;532.4298182;43.67454545
3;536.8115455;43.81727273
3;541.2218182;44.10272727
3;545.6320909;44.10272727
3;550.0280909;43.96
3;554.4526364;44.24545455
3;558.8914545;44.38818182
3;563.316;44.24545455
3;567.7690909;44.53090909
3;572.2079091;44.38818182
3;576.661;44.53090909
3;581.0998182;44.38818182
3;585.5814545;44.81636364
3;590.0488182;44.67363636
3;594.5019091;44.53090909
3;598.9978182;44.95909091
3;603.4794545;44.81636364
3;607.9753636;44.95909091
3;612.457;44.81636364
3;616.9671818;45.10181818
3;621.4773636;45.10181818
3;625.9875455;45.10181818
3;630.512;45.24454545
3;635.0364545;45.24454545
3;639.5751818;45.38727273
3;644.0996364;45.24454545
3;648.6526364;45.53
3;653.2056364;45.53
3;657.7729091;45.67272727
3;662.3259091;45.53
3;666.9074545;45.81545455
3;671.4747273;45.67272727
3;676.042;45.67272727
3;680.6520909;46.10090909
3;685.2479091;45.95818182
3;689.8437273;45.95818182
3;694.4252727;45.81545455
3;699.0496364;46.24363636
3;703.674;46.24363636
3;708.2840909;46.10090909
3;712.8941818;46.10090909
3;717.5328182;46.38636364
3;722.1571818;46.24363636
3;726.7815455;46.24363636
3;731.4344545;46.52909091
3;736.0873636;46.52909091
3;740.726;46.38636364
3;745.3646364;46.38636364
3;750.0460909;46.81454545
3;754.7132727;46.67181818
3;759.3804545;46.67181818
3;764.0190909;46.38636364
3;768.7290909;47.1
3;773.3962727;46.67181818
3;778.092;46.95727273
3;782.7449091;46.52909091
3;787.4691818;47.24272727
3;792.1506364;46.81454545
3;796.8606364;47.1
3;801.5278182;46.67181818
3;806.2520909;47.24272727
3;810.9478182;46.95727273
3;815.6863636;47.38545455
3;820.3820909;46.95727273
3;825.1206364;47.38545455
3;829.8306364;47.1
3;834.5691818;47.38545455
3;839.2649091;46.95727273
3;844.0177273;47.52818182
3;848.742;47.24272727
3;853.4948182;47.52818182
3;858.2048182;47.1
3;862.9719091;47.67090909
3;867.7104545;47.38545455
3;872.4632727;47.52818182
3;877.1875455;47.24272727
3;881.9546364;47.67090909
3;886.7074545;47.52818182
3;891.4745455;47.67090909
3;896.2130909;47.38545455
3;900.9944545;47.81363636
3;905.7472727;47.52818182
3;910.5143636;47.67090909
3;915.2671818;47.52818182
3;920.0485455;47.81363636
3;924.8156364;47.67090909
3;929.597;47.81363636
3;934.3640909;47.67090909
3;939.1454545;47.81363636
3;943.9268182;47.81363636
3;948.7081818;47.81363636
3;953.5038182;47.95636364
3;958.2709091;47.67090909
3;963.0808182;48.09909091
3;967.8621818;47.81363636
3;972.6863636;48.24181818
3;977.4677273;47.81363636
3;982.2776364;48.09909091
3;987.0732727;47.95636364
3;991.8974545;48.24181818
3;996.6930909;47.95636364
3;1001.517273;48.24181818
3;1006.327182;48.09909091
3;1011.137091;48.09909091
3;1015.947;48.09909091
3;1020.756909;48.09909091
3;1025.595364;48.38454545
3;1030.405273;48.09909091
3;1035.243727;48.38454545
3;1040.053636;48.09909091
3;1044.906364;48.52727273
3;1049.730545;48.24181818
3;1054.569;48.38454545
3;1059.378909;48.09909091
3;1064.231636;48.52727273
3;1069.055818;48.24181818
-3;1073.708727;46.52909091
-3;1078.176091;44.67363636
-3;1082.386545;42.10454545
-3;1086.368636;39.82090909
-3;1090.093818;37.25181818
-3;1093.590636;34.96818182
-3;1096.830545;32.39909091
-3;1099.827818;29.97272727
-3;1102.596727;27.68909091
-3;1105.123;25.26272727
-3;1107.420909;22.97909091
-3;1109.504727;20.83818182
-3;1111.360182;18.55454545
-3;1112.987273;16.27090909
-3;1114.386;13.98727273
-3;1115.599182;12.13181818
-3;1116.584;9.848181818
-3;1117.354727;7.707272727
-3;1117.897091;5.423636364
-3;1118.196818;2.997272727
-3;1118.268182;0.713636364
-3;1118.225364;-0.428181818
-3;1118.096909;-1.284545455
-3;1117.897091;-1.998181818
-3;1117.611636;-2.854545455
-3;1117.269091;-3.425454545
-3;1116.855182;-4.139090909
-3;1116.369909;-4.852727273
-3;1115.827545;-5.423636364
-3;1115.228091;-5.994545455
-3;1114.585818;-6.422727273
-3;1113.915;-6.708181818
-3;1113.187091;-7.279090909
-3;1112.402091;-7.85
-3;1111.56;-8.420909091
-3;1110.632273;-9.277272727
-3;1109.647455;-9.848181818
-3;1108.591273;-10.56181818
-3;1107.520818;-10.70454545
-3;1106.393273;-11.27545455
-3;1105.208636;-11.84636364
-3;1103.952636;-12.56
-3;1102.639545;-13.13090909
-3;1101.269364;-13.70181818
-3;1099.856364;-14.13
-3;1098.386273;-14.70090909
-3;1096.859091;-15.27181818
-3;1095.274818;-15.84272727
-3;1093.647727;-16.27090909
-3;1091.963545;-16.84181818
-3;1090.236545;-17.27
-3;1088.438182;-17.98363636
-3;1086.625545;-18.12636364
-3;1084.755818;-18.69727273
-3;1082.814727;-19.41090909
-3;1080.845091;-19.69636364
-3;1078.832636;-20.12454545
-3;1076.777364;-20.55272727
-3;1074.665;-21.12363636
-3;1072.495545;-21.69454545
-3;1070.311818;-21.83727273
-3;1068.071;-22.40818182
-3;1065.815909;-22.55090909
-3;1063.489455;-23.26454545
-3;1061.134455;-23.55
-3;1058.750909;-23.83545455
-3;1056.310273;-24.40636364
-3;1053.841091;-24.69181818
-3;1051.329091;-25.12
-3;1048.774273;-25.54818182
-3;1046.190909;-25.83363636
-3;1043.564727;-26.26181818
-3;1040.895727;-26.69
-3;1038.198182;-26.97545455
-3;1035.457818;-27.40363636
-3;1032.688909;-27.68909091
-3;1029.891455;-27.97454545
-3;1027.036909;-28.54545455
-3;1024.168091;-28.68818182
-3;1021.256455;-29.11636364
-3;1018.302;-29.54454545
-3;1015.333273;-29.68727273
-3;1012.307455;-30.25818182
-3;1009.267364;-30.40090909
-3;1006.184455;-30.82909091
-3;1003.087273;-30.97181818
-3;999.933;-31.54272727
-3;996.7787273;-31.54272727
-3;993.5816364;-31.97090909
-3;990.3702727;-32.11363636
-3;987.1160909;-32.54181818
-3;983.8476364;-32.68454545
-3;980.5506364;-32.97
-3;977.2250909;-33.25545455
-3;973.871;-33.54090909
-3;970.4883636;-33.82636364
-3;967.0914545;-33.96909091
-3;963.6517273;-34.39727273
-3;960.212;-34.39727273
-3;956.7151818;-34.96818182
-3;953.2183636;-34.96818182
-3;949.6787273;-35.39636364
-3;946.1390909;-35.39636364
-3;942.5566364;-35.82454545
-3;938.9456364;-36.11
-3;935.3346364;-36.11
-3;931.6808182;-36.53818182
-3;928.0127273;-36.68090909
-3;924.3160909;-36.96636364
-3;920.5909091;-37.25181818
-3;916.8514545;-37.39454545
-3;913.0834545;-37.68
-3;909.2869091;-37.96545455
-3;905.4903636;-37.96545455
-3;901.651;-38.39363636
-3;897.8259091;-38.25090909
-3;893.9437273;-38.82181818
-3;890.0615455;-38.82181818
-3;886.1508182;-39.10727273
-3;882.2258182;-39.25
-3;878.2865455;-39.39272727
-3;874.3187273;-39.67818182
-3;870.3366364;-39.82090909
-3;866.3402727;-39.96363636
-3;862.3153636;-40.24909091
-3;858.2904545;-40.24909091
-3;854.2512727;-40.39181818
-3;850.1978182;-40.53454545
-3;846.1300909;-40.67727273
-3;842.0480909;-40.82
-3;837.9518182;-40.96272727
-3;833.8412727;-41.10545455
-3;829.7164545;-41.24818182
-3;825.5630909;-41.53363636
-3;821.424;-41.39090909
-3;817.2563636;-41.67636364
-3;813.0601818;-41.96181818
-3;808.8497273;-42.10454545
-3;804.625;-42.24727273
-3;800.3717273;-42.53272727
-3;796.1184545;-42.53272727
-3;791.8509091;-42.67545455
-3;787.5690909;-42.81818182
-3;783.273;-42.96090909
-3;778.9626364;-43.10363636
-3;774.6522727;-43.10363636
-3;770.3133636;-43.38909091
-3;765.9887273;-43.24636364
-3;761.6212727;-43.67454545
-3;757.2680909;-43.53181818
-3;752.9006364;-43.67454545
-3;748.5189091;-43.81727273
-3;744.1229091;-43.96
-3;739.7126364;-44.10272727
-3;735.3166364;-43.96
-3;730.8778182;-44.38818182
-3;726.4532727;-44.24545455
-3;722.0144545;-44.38818182
-3;717.5470909;-44.67363636
-3;713.094;-44.53090909
-3;708.6266364;-44.67363636
-3;704.145;-44.81636364
-3;699.6490909;-44.95909091
-3;695.1389091;-45.10181818
-3;690.6572727;-44.81636364
-3;686.1185455;-45.38727273
-3;681.5940909;-45.24454545
-3;677.0696364;-45.24454545
-3;672.5309091;-45.38727273
-3;667.9921818;-45.38727273
-3;663.4106364;-45.81545455
-3;658.8576364;-45.53
-3;654.2618182;-45.95818182
-3;649.666;-45.95818182
-3;645.0701818;-45.95818182
-3;640.4600909;-46.10090909
-3;635.8357273;-46.24363636
-3;631.2113636;-46.24363636
-3;626.5727273;-46.38636364
-3;621.9483636;-46.24363636
-3;617.2811818;-46.67181818
-3;612.6282727;-46.52909091
-3;607.9753636;-46.52909091
-3;603.3081818;-46.67181818
-3;598.6267273;-46.81454545
-3;593.931;-46.95727273
-3;589.2495455;-46.81454545
-3;584.5538182;-46.95727273
-3;579.8580909;-46.95727273
-3;575.1338182;-47.24272727
-3;570.4238182;-47.1
-3;565.6995455;-47.24272727
-3;560.961;-47.38545455
-3;556.2081818;-47.52818182
-3;551.4696364;-47.38545455
-3;546.7168182;-47.52818182
-3;541.9354545;-47.81363636
-3;537.1540909;-47.81363636
-3;532.387;-47.67090909
-3;527.6056364;-47.81363636
-3;522.7957273;-48.09909091
-3;518.0000909;-47.95636364
-3;513.2044545;-47.95636364
-3;508.4088182;-47.95636364
-3;503.5846364;-48.24181818
-3;498.7604545;-48.24181818
-3;493.9505455;-48.09909091
-3;489.1263636;-48.24181818
-3;484.2736364;-48.52727273
-3;479.4351818;-48.38454545
-3;474.5824545;-48.52727273
-3;469.7297273;-48.52727273
-3;464.8627273;-48.67
-3;459.9814545;-48.81272727
-3;455.1144545;-48.67
-3;450.2189091;-48.95545455
-3;445.3233636;-48.95545455
-3;440.4135455;-49.09818182
-3;435.5037273;-49.09818182
-3;430.5939091;-49.09818182
-3;425.6840909;-49.09818182
-3;420.7742727;-49.09818182
-3;415.8359091;-49.38363636
-3;410.9118182;-49.24090909
-3;405.9591818;-49.52636364
-3;401.0208182;-49.38363636
-3;396.0681818;-49.52636364
-3;391.1012727;-49.66909091
-3;386.1343636;-49.66909091
-3;381.1817273;-49.52636364
-3;376.2148182;-49.66909091
-3;371.2479091;-49.66909091
-3;366.2667273;-49.81181818
-3;361.2712727;-49.95454545
-3;356.2900909;-49.81181818
-3;351.3089091;-49.81181818
-3;346.2991818;-50.09727273
-3;341.3037273;-49.95454545
-3;336.294;-50.09727273
-3;331.2985455;-49.95454545
-3;326.3030909;-49.95454545
-3;321.2648182;-50.38272727
-3;316.2550909;-50.09727273
-3;311.2310909;-50.24
-3;306.2213636;-50.09727273
-3;301.1973636;-50.24
-3;296.1590909;-50.38272727
-3;291.1350909;-50.24
-3;286.0968182;-50.38272727
-3;281.0442727;-50.52545455
-3;276.0202727;-50.24
-3;270.9677273;-50.52545455
-3;265.9151818;-50.52545455
-3;260.8483636;-50.66818182
-3;255.7815455;-50.66818182
-3;250.7147273;-50.66818182
-3;245.6336364;-50.81090909
-3;240.5382727;-50.95363636
-3;235.4571818;-50.81090909
-3;230.3618182;-50.95363636
-3;225.2807273;-50.81090909
-3;220.1853636;-50.95363636
-3;215.0757273;-51.09636364
-3;209.9660909;-51.09636364
-3;204.8707273;-50.95363636
-3;199.7753636;-50.95363636
-3;194.68;-50.95363636
-3;189.5560909;-51.23909091
-3;184.4464545;-51.09636364
-3;179.3368182;-51.09636364
-3;174.2271818;-51.09636364
-3;169.1175455;-51.09636364
-3;164.0079091;-51.09636364
-3;158.884;-51.23909091
-3;153.7600909;-51.23909091
-3;148.6504545;-51.09636364
-3;143.5265455;-51.23909091
-3;138.4169091;-51.09636364
-3;133.2787273;-51.38181818
-3;128.1548182;-51.23909091
-3;123.0309091;-51.23909091
-3;117.9212727;-51.09636364
-3;112.7973636;-51.23909091
-3;107.6591818;-51.38181818
-3;102.5352727;-51.23909091
-3;97.39709091;-51.38181818
-3;92.25890909;-51.38181818
-3;87.135;-51.23909091
-3;81.99681818;-51.38181818
-3;76.84436364;-51.52454545
-3;71.70618182;-51.38181818
-3;66.568;-51.38181818
-3;61.41554545;-51.52454545
-3;56.27736364;-51.38181818
-3;51.12490909;-51.52454545
-3;45.95818182;-51.66727273
-3;40.80572727;-51.52454545
-3;35.639;-51.66727273
-3;30.48654545;-51.52454545
-3;25.33409091;-51.52454545
4;20.35290909;-49.81181818
4;15.68572727;-46.67181818
4;11.38963636;-42.96090909
4;7.421818182;-39.67818182
4;3.782272727;-36.39545455
4;0.513818182;-32.68454545
4;-2.426363636;-29.40181818
4;-5.038272727;-26.11909091
4;-7.307636364;-22.69363636
4;-9.291545455;-19.83909091
4;-10.91863636;-16.27090909
4;-12.26027273;-13.41636364
4;-13.30218182;-10.41909091
4;-14.04436364;-7.421818182
4;-14.50109091;-4.567272727
4;-14.67236364;-1.712727273
4;-14.61527273;0.570909091
4;-14.42972727;1.855454545
4;-14.14427273;2.854545455
4;-13.77318182;3.710909091
4;-13.345;4.281818182
4;-12.84545455;4.995454545
4;-12.28881818;5.566363636
4;-11.64654545;6.422727273
4;-10.94718182;6.993636364
4;-10.14790909;7.992727273
4;-9.263;8.849090909
4;-8.278181818;9.848181818
4;-7.179181818;10.99
4;-6.008818182;11.70363636
4;-4.738545455;12.70272727
4;-3.396909091;13.41636364
4;-1.969636364;14.27272727
4;-0.442454545;15.27181818
4;1.156090909;15.98545455
4;2.840272727;16.84181818
4;4.610090909;17.69818182
4;6.465545455;18.55454545
4;8.406636364;19.41090909
4;10.41909091;20.12454545
4;12.51718182;20.98090909
4;14.67236364;21.55181818
4;16.89890909;22.26545455
4;19.21109091;23.12181818
4;21.59463636;23.83545455
4;24.03527273;24.40636364
4;26.56154545;25.26272727
4;29.14490909;25.83363636
4;31.79963636;26.54727273
4;34.54;27.40363636
4;37.32318182;27.83181818
4;40.17772727;28.54545455
4;43.08936364;29.11636364
4;46.07236364;29.83
4;49.11245455;30.40090909
4;52.20963636;30.97181818
4;55.37818182;31.68545455
4;58.60381818;32.25636364
4;61.87227273;32.68454545
4;65.21209091;33.39818182
4;68.59472727;33.82636364
4;72.04872727;34.54
4;75.53127273;34.82545455
4;79.09945455;35.68181818
4;82.69618182;35.96727273
4;86.35;36.53818182
4;90.06090909;37.10909091
4;93.80036364;37.39454545
4;97.59690909;37.96545455
4;101.422;38.25090909
4;105.3041818;38.82181818
4;109.2149091;39.10727273
4;113.1827273;39.67818182
4;117.1933636;40.10636364
4;121.2325455;40.39181818
4;125.3288182;40.96272727
4;129.4536364;41.24818182
4;133.6212727;41.67636364
4;137.8174545;41.96181818
4;142.0707273;42.53272727
4;146.3382727;42.67545455
4;150.6486364;43.10363636
4;155.0018182;43.53181818
4;159.3835455;43.81727273
4;163.7938182;44.10272727
4;168.2469091;44.53090909
4;172.7142727;44.67363636
4;177.2387273;45.24454545
4;181.7774545;45.38727273
4;186.3447273;45.67272727
4;190.9548182;46.10090909
4;195.5791818;46.24363636
4;200.2463636;46.67181818
4;204.9278182;46.81454545
4;209.6378182;47.1
4;214.3763636;47.38545455
4;219.1577273;47.81363636
4;223.9533636;47.95636364
4;228.7775455;48.24181818
4;233.616;48.38454545
4;238.483;48.67
4;243.3928182;49.09818182
4;248.3026364;49.09818182
4;253.2552727;49.52636364
4;258.2079091;49.52636364
4;263.2033636;49.95454545
4;268.1988182;49.95454545
4;273.2370909;50.38272727
4;278.2753636;50.38272727
4;283.3564545;50.81090909
4;288.4518182;50.95363636
4;293.5614545;51.09636364
4;298.6853636;51.23909091
4;303.8520909;51.66727273
4;309.0188182;51.66727273
4;314.1998182;51.81
4;319.4093636;52.09545455
4;324.6331818;52.23818182
4;329.8712727;52.38090909
4;335.1236364;52.52363636
4;340.3902727;52.66636364
4;345.6711818;52.80909091
4;350.9806364;53.09454545
4;356.3043636;53.23727273
4;361.6423636;53.38
4;367.0089091;53.66545455
4;372.3754545;53.66545455
4;377.7562727;53.80818182
4;383.1656364;54.09363636
4;388.575;54.09363636
4;394.0129091;54.37909091
4;399.4508182;54.37909091
4;404.9172727;54.66454545
4;410.3837273;54.66454545
4;415.8644545;54.80727273
4;421.3594545;54.95
4;426.883;55.23545455
4;432.4065455;55.23545455
4;437.9443636;55.37818182
4;443.4821818;55.37818182
4;449.0485455;55.66363636
4;454.6291818;55.80636364
4;460.2098182;55.80636364
4;465.819;56.09181818
4;471.4281818;56.09181818
4;477.0516364;56.23454545
4;482.6750909;56.23454545
4;488.3128182;56.37727273
4;493.9648182;56.52
4;499.6310909;56.66272727
4;505.3116364;56.80545455
4;510.9921818;56.80545455
4;516.687;56.94818182
4;522.3818182;56.94818182
4;528.0909091;57.09090909
4;533.8285455;57.37636364
4;539.5519091;57.23363636
4;545.2895455;57.37636364
4;551.0414545;57.51909091
4;556.7790909;57.37636364
4;562.5452727;57.66181818
4;568.3257273;57.80454545
4;574.1061818;57.80454545
4;579.8866364;57.80454545
4;585.6813636;57.94727273
4;591.4903636;58.09
4;597.2850909;57.94727273
4;603.1083636;58.23272727
4;608.9316364;58.23272727
4;614.7691818;58.37545455
4;620.6067273;58.37545455
4;626.4442727;58.37545455
4;632.2818182;58.37545455
4;638.1336364;58.51818182
4;643.9997273;58.66090909
4;649.8800909;58.80363636
4;655.7461818;58.66090909
4;661.6265455;58.80363636
4;667.5211818;58.94636364
4;673.4015455;58.80363636
4;679.2961818;58.94636364
4;685.2050909;59.08909091
4;691.114;59.08909091
4;697.0229091;59.08909091
4;702.9460909;59.23181818
4;708.8692727;59.23181818
4;714.7924545;59.23181818
4;720.7156364;59.23181818
4;726.6388182;59.23181818
4;732.5762727;59.37454545
4;738.5137273;59.37454545
4;744.4654545;59.51727273
4;750.4029091;59.37454545
4;756.3689091;59.66
4;762.3063636;59.37454545
4;768.2723636;59.66
4;774.2240909;59.51727273
4;780.2043636;59.80272727
4;786.1703636;59.66
4;792.1363636;59.66
4;798.1023636;59.66
4;804.0826364;59.80272727
4;810.0629091;59.80272727
4;816.0431818;59.80272727
4;822.0234545;59.80272727
4;828.018;59.94545455
4;833.9982727;59.80272727
4;839.9928182;59.94545455
4;845.9730909;59.80272727
4;851.9819091;60.08818182
4;857.9621818;59.80272727
4;863.971;60.08818182
4;869.9798182;60.08818182
4;875.9886364;60.08818182
4;881.9974545;60.08818182
4;888.0062727;60.08818182
4;894.0150909;60.08818182
4;900.0239091;60.08818182
4;906.0327273;60.08818182
4;912.0558182;60.23090909
4;918.0789091;60.23090909
4;924.102;60.23090909
4;930.1250909;60.23090909
4;936.1481818;60.23090909
4;942.1712727;60.23090909
4;948.2086364;60.37363636
4;954.246;60.37363636
4;960.2690909;60.23090909
4;966.3064545;60.37363636
4;972.3438182;60.37363636
4;978.3669091;60.23090909
4;984.4042727;60.37363636
4;990.4416364;60.37363636
4;996.479;60.37363636
4;1002.516364;60.37363636
4;1008.553727;60.37363636
4;1014.591091;60.37363636
4;1020.628455;60.37363636
4;1026.665818;60.37363636
4;1032.688909;60.23090909
4;1038.726273;60.37363636
4;1044.763636;60.37363636
4;1050.801;60.37363636
4;1056.838364;60.37363636
4;1062.875727;60.37363636
4;1068.913091;60.37363636
4;1074.950455;60.37363636
4;1080.987818;60.37363636
4;1087.025182;60.37363636
4;1093.076818;60.51636364
4;1099.114182;60.37363636
4;1105.165818;60.51636364
4;1111.203182;60.37363636
4;1117.254818;60.51636364
4;1123.306455;60.51636364
4;1129.343818;60.37363636
4;1135.395455;60.51636364
4;1141.432818;60.37363636
4;1147.484455;60.51636364
4;1153.521818;60.37363636
4;1159.573455;60.51636364
4;1165.610818;60.37363636
4;1171.633909;60.23090909
4;1177.671273;60.37363636
4;1183.708636;60.37363636
4;1189.731727;60.23090909
4;1195.769091;60.37363636
4;1201.792182;60.23090909
4;1207.829545;60.37363636
4;1213.852636;60.23090909
4;1219.875727;60.23090909
4;1225.913091;60.37363636
4;1231.936182;60.23090909
4;1237.959273;60.23090909
4;1243.996636;60.37363636
4;1250.019727;60.23090909
4;1256.042818;60.23090909
4;1262.080182;60.37363636
4;1268.117545;60.37363636
4;1274.154909;60.37363636
4;1280.192273;60.37363636
4;1286.229636;60.37363636
4;1292.267;60.37363636
4;1298.304364;60.37363636
4;1304.327455;60.23090909
4;1310.364818;60.37363636
4;1316.416455;60.51636364
4;1322.453818;60.37363636
4;1328.491182;60.37363636
4;1334.528545;60.37363636
4;1340.565909;60.37363636
4;1346.603273;60.37363636
4;1352.640636;60.37363636
4;1358.678;60.37363636
4;1364.715364;60.37363636
4;1370.752727;60.37363636
4;1376.790091;60.37363636
4;1382.827455;60.37363636
4;1388.864818;60.37363636
4;1394.887909;60.23090909
2;1400.911;60.23090909
2;1406.891273;59.80272727
2;1412.828727;59.37454545
2;1418.751909;59.23181818
2;1424.632273;58.80363636
2;1430.469818;58.37545455
2;1436.293091;58.23272727
2;1442.087818;57.94727273
2;1447.854;57.66181818
2;1453.577364;57.23363636
2;1459.286455;57.09090909
2;1464.952727;56.66272727
2;1470.590455;56.37727273
2;1476.185364;55.94909091
2;1481.751727;55.66363636
2;1487.275273;55.23545455
2;1492.798818;55.23545455
2;1498.293818;54.95
2;1503.760273;54.66454545
2;1509.198182;54.37909091
2;1514.621818;54.23636364
2;1520.002636;53.80818182
2;1525.340636;53.38
2;1530.650091;53.09454545
2;1535.959545;53.09454545
2;1541.254727;52.95181818
2;1546.507091;52.52363636
2;1551.745182;52.38090909
2;1556.926182;51.81
2;1562.078636;51.52454545
2;1567.231091;51.52454545
2;1572.369273;51.38181818
2;1577.478909;51.09636364
2;1582.531455;50.52545455
2;1587.569727;50.38272727
2;1592.579455;50.09727273
2;1597.589182;50.09727273
2;1602.570364;49.81181818
2;1607.494455;49.24090909
2;1612.404273;49.09818182
2;1617.314091;49.09818182
2;1622.209636;48.95545455
2;1627.076636;48.67
2;1631.886545;48.09909091
2;1636.682182;47.95636364
2;1641.492091;48.09909091
2;1646.273455;47.81363636
2;1651.012;47.38545455
2;1655.693455;46.81454545
2;1660.417727;47.24272727
2;1665.113455;46.95727273
2;1669.766364;46.52909091
2;1674.390727;46.24363636
2;1679.029364;46.38636364
2;1683.639455;46.10090909
2;1688.206727;45.67272727
2;1692.759727;45.53
2;1697.298455;45.38727273
2;1701.851455;45.53
2;1706.333091;44.81636364
2;1710.829;44.95909091
2;1715.296364;44.67363636
2;1719.720909;44.24545455
2;1724.131182;44.10272727
2;1728.555727;44.24545455
2;1732.937455;43.81727273
2;1737.276364;43.38909091
2;1741.629545;43.53181818
2;1745.968455;43.38909091
2;1750.250273;42.81818182
2;1754.560636;43.10363636
2;1758.842455;42.81818182
2;1763.081455;42.39
2;1767.320455;42.39
2;1771.545182;42.24727273
2;1775.712818;41.67636364
2;1779.909;41.96181818
2;1784.076636;41.67636364
2;1788.201455;41.24818182
2;1792.340545;41.39090909
2;1796.451091;41.10545455
2;1800.518818;40.67727273
2;1804.600818;40.82
2;1808.654273;40.53454545
2;1812.664909;40.10636364
2;1816.704091;40.39181818
2;1820.700455;39.96363636
2;1824.654;39.53545455
2;1828.636091;39.82090909
2;1832.575364;39.39272727
2;1836.500364;39.25
2;1840.425364;39.25
2;1844.293273;38.67909091
2;1848.189727;38.96454545
2;1852.071909;38.82181818
2;1855.897;38.25090909
2;1859.750636;38.53636364
2;1863.547182;37.96545455
2;1867.358;38.10818182
2;1871.168818;38.10818182
2;1874.908273;37.39454545
2;1878.690545;37.82272727
2;1882.401455;37.10909091
2;1886.140909;37.39454545
2;1889.866091;37.25181818
2;1893.534182;36.68090909
2;1897.230818;36.96636364
2;1900.870364;36.39545455
2;1904.552727;36.82363636
2;1908.192273;36.39545455
2;1911.803273;36.11
2;1915.428545;36.25272727
2;1918.982455;35.53909091
2;1922.607727;36.25272727
2;1926.175909;35.68181818
2;1929.758364;35.82454545
2;1933.312273;35.53909091
2;1936.837636;35.25363636
2;1940.377273;35.39636364
2;1943.859818;34.82545455
2;1947.385182;35.25363636
2;1950.867727;34.82545455
2;1954.350273;34.82545455
2;1957.818545;34.68272727
2;1961.272545;34.54
2;1964.726545;34.54
2;1968.123455;33.96909091
2;1971.548909;34.25454545
2;1974.945818;33.96909091
2;1978.357;34.11181818
2;1981.696818;33.39818182
2;1985.093727;33.96909091
2;1988.433545;33.39818182
2;1991.787636;33.54090909
2;1995.113182;33.25545455
2;1998.438727;33.25545455
2;2001.735727;32.97
2;2005.032727;32.97
2;2008.315455;32.82727273
2;2011.569636;32.54181818
2;2014.852364;32.82727273
2;2018.092273;32.39909091
2;2021.346455;32.54181818
2;2024.557818;32.11363636
2;2027.783455;32.25636364
2;2030.980545;31.97090909
2;2034.191909;32.11363636
2;2037.360455;31.68545455
2;2040.557545;31.97090909
2;2043.711818;31.54272727
2;2046.894636;31.82818182
2;2050.020364;31.25727273
2;2053.174636;31.54272727
2;2056.286091;31.11454545
2;2059.411818;31.25727273
2;2062.509;30.97181818
2;2065.634727;31.25727273
2;2068.717636;30.82909091
2;2071.829091;31.11454545
2;2074.883455;30.54363636
2;2077.980636;30.97181818
2;2081.049273;30.68636364
2;2084.132182;30.82909091
2;2087.186545;30.54363636
2;2090.240909;30.54363636
2;2093.281;30.40090909
2;2096.321091;30.40090909
2;2099.332636;30.11545455
2;2102.358455;30.25818182
2;2105.341455;29.83
2;2108.353;30.11545455
2;2111.350273;29.97272727
2;2114.319;29.68727273
2;2117.302;29.83
2;2120.242182;29.40181818
2;2123.225182;29.83
2;2126.151091;29.25909091
2;2129.105545;29.54454545
2;2132.031455;29.25909091
2;2134.971636;29.40181818
2;2137.869;28.97363636
2;2140.794909;29.25909091
2;2143.678;28.83090909
2;2146.589636;29.11636364
2;2149.458455;28.68818182
2;2152.341545;28.83090909
2;2155.210364;28.68818182
2;2158.036364;28.26
2;2160.919455;28.83090909
2;2163.745455;28.26
2;2166.6;28.54545455
2;2169.411727;28.11727273
2;2172.266273;28.54545455
2;2175.063727;27.97454545
2;2177.889727;28.26
2;2180.672909;27.83181818
2;2183.470364;27.97454545
2;2186.253545;27.83181818
2;2189.008182;27.54636364
2;2191.791364;27.83181818
2;2194.531727;27.40363636
2;2197.314909;27.83181818
2;2200.026727;27.11818182
2;2202.781364;27.54636364
2;2205.507455;27.26090909
2;2208.205;26.97545455
2;2210.931091;27.26090909
2;2213.614364;26.83272727
2;2216.340455;27.26090909
2;2219.009455;26.69
2;2221.707;26.97545455
2;2224.390273;26.83272727
2;2227.045;26.54727273
2;2229.728273;26.83272727
2;2232.368727;26.40454545
2;2235.037727;26.69
2;2237.678182;26.40454545
2;2240.347182;26.69
2;2242.987636;26.40454545
2;2245.613818;26.26181818
2;2248.268545;26.54727273
2;2250.894727;26.26181818
2;2253.535182;26.40454545
2;2256.161364;26.26181818
2;2258.787545;26.26181818
2;2261.413727;26.26181818
2;2264.011364;25.97636364
2;2266.637545;26.26181818
2;2269.220909;25.83363636
2;2271.818545;25.97636364
2;2274.416182;25.97636364
2;2276.971;25.54818182
2;2279.568636;25.97636364
2;2282.152;25.83363636
2;2284.735364;25.83363636
2;2287.304455;25.69090909
2;2289.859273;25.54818182
2;2292.442636;25.83363636
2;2294.983182;25.40545455
2;2297.552273;25.69090909
2;2300.078545;25.26272727
2;2302.619091;25.40545455
2;2305.159636;25.40545455
2;2307.671636;25.12
2;2310.226455;25.54818182
2;2312.724182;24.97727273
2;2315.236182;25.12
2;2317.762455;25.26272727
2;2320.231636;24.69181818
2;2322.757909;25.26272727
2;2325.227091;24.69181818
2;2327.696273;24.69181818
2;2330.194;24.97727273
2;2332.634636;24.40636364
2;2335.118091;24.83454545
2;2337.573;24.54909091
2;2340.013636;24.40636364
2;2342.482818;24.69181818
2;2344.909182;24.26363636
2;2347.364091;24.54909091
2;2349.804727;24.40636364
2;2352.216818;24.12090909
2;2354.671727;24.54909091
2;2357.069545;23.97818182
2;2359.495909;24.26363636
2;2361.908;24.12090909
2;2364.291545;23.83545455
2;2366.732182;24.40636364
2;2369.115727;23.83545455
2;2371.499273;23.83545455
2;2373.897091;23.97818182
2;2376.252091;23.55
2;2378.635636;23.83545455
2;2381.019182;23.83545455
2;2383.359909;23.40727273
2;2385.743455;23.83545455
2;2388.084182;23.40727273
2;2390.439182;23.55
2;2392.794182;23.55
2;2395.106364;23.12181818
2;2397.461364;23.55
2;2399.787818;23.26454545
2;2402.1;23.12181818
2;2404.440727;23.40727273
2;2406.752909;23.12181818
2;2409.050818;22.97909091
2;2411.377273;23.26454545
2;2413.660909;22.83636364
2;2415.958818;22.97909091
2;2418.256727;22.97909091
2;2420.511818;22.55090909
2;2422.824;23.12181818
2;2425.093364;22.69363636
2;2427.362727;22.69363636
2;2429.646364;22.83636364
2;2431.901455;22.55090909
2;2434.156545;22.55090909
2;2436.440182;22.83636364
2;2438.666727;22.26545455
2;2440.921818;22.55090909
-4;2442.977091;20.55272727
-4;2444.775455;17.98363636
-4;2446.302636;15.27181818
-4;2447.572909;12.70272727
-4;2448.572;9.990909091
-4;2449.271364;6.993636364
-4;2449.699545;4.281818182
-4;2449.856545;1.57
-4;2449.785182;-0.713636364
-4;2449.613909;-1.712727273
-4;2449.299909;-3.14
-4;2448.900273;-3.996363636
-4;2448.357909;-5.423636364
-4;2447.715636;-6.422727273
-4;2446.973455;-7.421818182
-4;2446.145636;-8.278181818
-4;2445.246455;-8.991818182
-4;2444.247364;-9.990909091
-4;2443.162636;-10.84727273
-4;2441.963727;-11.98909091
-4;2440.650636;-13.13090909
-4;2439.266182;-13.84454545
-4;2437.796091;-14.70090909
-4;2436.226091;-15.7
-4;2434.556182;-16.69909091
-4;2432.800636;-17.55545455
-4;2430.959455;-18.41181818
-4;2429.032636;-19.26818182
-4;2427.005909;-20.26727273
-4;2424.907818;-20.98090909
-4;2422.724091;-21.83727273
-4;2420.469;-22.55090909
-4;2418.114;-23.55
-4;2415.716182;-23.97818182
-4;2413.218455;-24.97727273
-4;2410.649364;-25.69090909
-4;2408.008909;-26.40454545
-4;2405.282818;-27.26090909
-4;2402.513909;-27.68909091
-4;2399.645091;-28.68818182
-4;2396.733455;-29.11636364
-4;2393.750455;-29.83
-4;2390.724636;-30.25818182
-4;2387.598909;-31.25727273
-4;2384.430364;-31.68545455
-4;2381.190455;-32.39909091
-4;2377.907727;-32.82727273
-4;2374.553636;-33.54090909
-4;2371.142455;-34.11181818
-4;2367.674182;-34.68272727
-4;2364.148818;-35.25363636
-4;2360.552091;-35.96727273
-4;2356.912545;-36.39545455
-4;2353.201636;-37.10909091
-4;2349.447909;-37.53727273
-4;2345.651364;-37.96545455
-4;2341.783455;-38.67909091
-4;2337.858455;-39.25
-4;2333.904909;-39.53545455
-4;2329.894273;-40.10636364
-4;2325.855091;-40.39181818
-4;2321.758818;-40.96272727
-4;2317.619727;-41.39090909
-4;2313.452091;-41.67636364
-4;2309.227364;-42.24727273
-4;2304.959818;-42.67545455
-4;2300.663727;-42.96090909
-4;2296.324818;-43.38909091
-4;2291.943091;-43.81727273
-4;2287.518545;-44.24545455
-4;2283.065455;-44.53090909
-4;2278.569545;-44.95909091
-4;2274.045091;-45.24454545
-4;2269.492091;-45.53
-4;2264.896273;-45.95818182
-4;2260.271909;-46.24363636
-4;2255.619;-46.52909091
-4;2250.951818;-46.67181818
-4;2246.241818;-47.1
-4;2241.489;-47.52818182
-4;2236.721909;-47.67090909
-4;2231.926273;-47.95636364
-4;2227.087818;-48.38454545
-4;2222.220818;-48.67
-4;2217.339545;-48.81272727
-4;2212.429727;-49.09818182
-4;2207.491364;-49.38363636
-4;2202.524455;-49.66909091
-4;2197.543273;-49.81181818
-4;2192.533545;-50.09727273
-4;2187.509545;-50.24
-4;2182.442727;-50.66818182
-4;2177.375909;-50.66818182
-4;2172.280545;-50.95363636
-4;2167.156636;-51.23909091
-4;2162.018455;-51.38181818
-4;2156.851727;-51.66727273
-4;2151.670727;-51.81
-4;2146.475455;-51.95272727
-4;2141.251636;-52.23818182
-4;2136.013545;-52.38090909
-4;2130.746909;-52.66636364
-4;2125.466;-52.80909091
-4;2120.170818;-52.95181818
-4;2114.847091;-53.23727273
-4;2109.509091;-53.38
-4;2104.142545;-53.66545455
-4;2098.747455;-53.95090909
-4;2093.352364;-53.95090909
-4;2087.928727;-54.23636364
-4;2082.490818;-54.37909091
-4;2077.024364;-54.66454545
-4;2071.543636;-54.80727273
-4;2066.062909;-54.80727273
-4;2060.539364;-55.23545455
-4;2055.015818;-55.23545455
-4;2049.478;-55.37818182
-4;2043.911636;-55.66363636
-4;2038.345273;-55.66363636
-4;2032.764636;-55.80636364
-4;2027.155455;-56.09181818
-4;2021.560545;-55.94909091
-4;2015.951364;-56.09181818
-4;2010.313636;-56.37727273
-4;2004.661636;-56.52
-4;1999.009636;-56.52
-4;1993.329091;-56.80545455
-4;1987.634273;-56.94818182
-4;1981.953727;-56.80545455
-4;1976.230364;-57.23363636
-4;1970.521273;-57.09090909
-4;1964.797909;-57.23363636
-4;1959.060273;-57.37636364
-4;1953.322636;-57.37636364
-4;1947.556455;-57.66181818
-4;1941.790273;-57.66181818
-4;1936.009818;-57.80454545
-4;1930.229364;-57.80454545
-4;1924.420364;-58.09
-4;1918.597091;-58.23272727
-4;1912.788091;-58.09
-4;1906.950545;-58.37545455
-4;1901.113;-58.37545455
-4;1895.275455;-58.37545455
-4;1889.423636;-58.51818182
-4;1883.571818;-58.51818182
-4;1877.691455;-58.80363636
-4;1871.811091;-58.80363636
-4;1865.930727;-58.80363636
-4;1860.036091;-58.94636364
-4;1854.127182;-59.08909091
-4;1848.232545;-58.94636364
-4;1842.323636;-59.08909091
-4;1836.400455;-59.23181818
-4;1830.477273;-59.23181818
-4;1824.539818;-59.37454545
-4;1818.588091;-59.51727273
-4;1812.636364;-59.51727273
-4;1806.684636;-59.51727273
-4;1800.718636;-59.66
-4;1794.738364;-59.80272727
-4;1788.758091;-59.80272727
-4;1782.792091;-59.66
-4;1776.797545;-59.94545455
-4;1770.803;-59.94545455
-4;1764.794182;-60.08818182
-4;1758.785364;-60.08818182
-4;1752.776545;-60.08818182
-4;1746.753455;-60.23090909
-4;1740.716091;-60.37363636
-4;1734.693;-60.23090909
-4;1728.655636;-60.37363636
-4;1722.618273;-60.37363636
-4;1716.566636;-60.51636364
-4;1710.515;-60.51636364
-4;1704.463364;-60.51636364
-4;1698.411727;-60.51636364
-4;1692.374364;-60.37363636
-4;1686.308455;-60.65909091
-4;1680.228273;-60.80181818
-4;1674.176636;-60.51636364
-4;1668.096455;-60.80181818
-4;1662.016273;-60.80181818
-4;1655.936091;-60.80181818
-4;1649.841636;-60.94454545
-4;1643.761455;-60.80181818
-4;1637.667;-60.94454545
-4;1631.572545;-60.94454545
-4;1625.478091;-60.94454545
-4;1619.369364;-61.08727273
-4;1613.274909;-60.94454545
-4;1607.166182;-61.08727273
-4;1601.043182;-61.23
-4;1594.920182;-61.23
-4;1588.811455;-61.08727273
-4;1582.674182;-61.37272727
-4;1576.551182;-61.23
-4;1570.399636;-61.51545455
-4;1564.262364;-61.37272727
-4;1558.125091;-61.37272727
-4;1551.973545;-61.51545455
-4;1545.836273;-61.37272727
-4;1539.670455;-61.65818182
-4;1533.518909;-61.51545455
-4;1527.367364;-61.51545455
-4;1521.201545;-61.65818182
-4;1515.035727;-61.65818182
-4;1508.855636;-61.80090909
-4;1502.689818;-61.65818182
-4;1496.509727;-61.80090909
-4;1490.343909;-61.65818182
-4;1484.149545;-61.94363636
-4;1477.969455;-61.80090909
-4;1471.789364;-61.80090909
-4;1465.595;-61.94363636
-4;1459.400636;-61.94363636
-4;1453.192;-62.08636364
-4;1446.983364;-62.08636364
-4;1440.774727;-62.08636364
-4;1434.566091;-62.08636364
-4;1428.357455;-62.08636364
-4;1422.134545;-62.22909091
-4;1415.925909;-62.08636364
-4;1409.717273;-62.08636364
-4;1403.494364;-62.22909091
-4;1397.285727;-62.08636364
-4;1391.062818;-62.22909091
-4;1384.839909;-62.22909091
-4;1378.617;-62.22909091
-4;1372.394091;-62.22909091
-4;1366.171182;-62.22909091
-4;1359.948273;-62.22909091
-4;1353.711091;-62.37181818
-4;1347.488182;-62.22909091
-4;1341.251;-62.37181818
-4;1335.013818;-62.37181818
-4;1328.776636;-62.37181818
-4;1322.539455;-62.37181818
-4;1316.302273;-62.37181818
-4;1310.065091;-62.37181818
-4;1303.827909;-62.37181818
-4;1297.576455;-62.51454545
-4;1291.325;-62.51454545
-4;1285.073545;-62.51454545
-4;1278.822091;-62.51454545
-4;1272.570636;-62.51454545
-4;1266.319182;-62.51454545
-4;1260.039182;-62.8
-4;1253.787727;-62.51454545
-4;1247.536273;-62.51454545
-4;1241.256273;-62.8
-4;1234.990545;-62.65727273
-4;1228.710545;-62.8
-4;1222.430545;-62.8
-4;1216.150545;-62.8
-4;1209.884818;-62.65727273
-4;1203.590545;-62.94272727
-4;1197.296273;-62.94272727
-4;1191.002;-62.94272727
-4;1184.722;-62.8
-4;1178.427727;-62.94272727
-4;1172.133455;-62.94272727
-4;1165.839182;-62.94272727
-4;1159.544909;-62.94272727
-4;1153.236364;-63.08545455
-4;1146.942091;-62.94272727
-4;1140.647818;-62.94272727
-4;1134.353545;-62.94272727
-4;1128.059273;-62.94272727
-4;1121.765;-62.94272727
-4;1115.470727;-62.94272727
-4;1109.162182;-63.08545455
-4;1102.853636;-63.08545455
-4;1096.545091;-63.08545455
-4;1090.250818;-62.94272727
-4;1083.928;-63.22818182
-4;1077.619455;-63.08545455
-4;1071.310909;-63.08545455
-4;1065.002364;-63.08545455
-4;1058.693818;-63.08545455
-4;1052.371;-63.22818182
-4;1046.062455;-63.08545455
-4;1039.725364;-63.37090909
-4;1033.416818;-63.08545455
-4;1027.079727;-63.37090909
-4;1020.771182;-63.08545455
-4;1014.434091;-63.37090909
-4;1008.111273;-63.22818182
-4;1001.774182;-63.37090909
-4;995.4370909;-63.37090909
-4;989.1142727;-63.22818182
-4;982.7771818;-63.37090909
-4;976.4543636;-63.22818182
-4;970.1172727;-63.37090909
-4;963.7944545;-63.22818182
-4;957.4573636;-63.37090909
-4;951.1202727;-63.37090909
-4;944.7831818;-63.37090909
-4;938.4603636;-63.22818182
-4;932.1232727;-63.37090909
-2;925.829;-62.94272727
-2;919.5347273;-62.94272727
-2;913.2975455;-62.37181818
-2;907.0889091;-62.08636364
-2;900.9230909;-61.65818182
-2;894.7858182;-61.37272727
-2;888.6770909;-61.08727273
-2;882.6254545;-60.51636364
-2;876.5880909;-60.37363636
-2;870.5935455;-59.94545455
-2;864.6418182;-59.51727273
-2;858.7043636;-59.37454545
-2;852.8097273;-58.94636364
-2;846.9436364;-58.66090909
-2;841.1060909;-58.37545455
-2;835.2970909;-58.09
-2;829.5166364;-57.80454545
-2;823.7504545;-57.66181818
-2;818.0413636;-57.09090909
-2;812.3465455;-56.94818182
-2;806.6945455;-56.52
-2;801.0853636;-56.09181818
-2;795.5047273;-55.80636364
-2;789.9383636;-55.66363636
-2;784.4148182;-55.23545455
-2;778.9055455;-55.09272727
-2;773.4105455;-54.95
-2;767.9440909;-54.66454545
-2;762.5204545;-54.23636364
-2;757.1253636;-53.95090909
-2;751.7730909;-53.52272727
-2;746.4493636;-53.23727273
-2;741.1256364;-53.23727273
-2;735.8161818;-53.09454545
-2;730.5495455;-52.66636364
-2;725.2971818;-52.52363636
-2;720.1019091;-51.95272727
-2;714.9209091;-51.81
-2;709.7541818;-51.66727273
-2;704.5731818;-51.81
-2;699.4492727;-51.23909091
-2;694.3539091;-50.95363636
-2;689.3013636;-50.52545455
-2;684.2488182;-50.52545455
-2;679.2105455;-50.38272727
-2;674.2008182;-50.09727273
-2;669.2196364;-49.81181818
-2;664.2812727;-49.38363636
-2;659.3429091;-49.38363636
-2;654.4330909;-49.09818182
-2;649.5232727;-49.09818182
-2;644.6705455;-48.52727273
-2;639.8320909;-48.38454545
-2;634.9936364;-48.38454545
-2;630.1837273;-48.09909091
-2;625.3880909;-47.95636364
-2;620.6495455;-47.38545455
-2;615.8967273;-47.52818182
-2;611.1439091;-47.52818182
-2;606.4339091;-47.1
-2;601.781;-46.52909091
-2;597.1138182;-46.67181818
-2;592.4323636;-46.81454545
-2;587.808;-46.24363636
-2;583.2407273;-45.67272727
-2;578.6163636;-46.24363636
-2;574.0348182;-45.81545455
-2;569.4960909;-45.38727273
-2;564.9716364;-45.24454545
-2;560.4043636;-45.67272727
-2;555.8941818;-45.10181818
-2;551.4125455;-44.81636364
-2;546.9451818;-44.67363636
-2;542.4635455;-44.81636364
-2;538.0247273;-44.38818182
-2;533.6001818;-44.24545455
-2;529.1470909;-44.53090909
-2;524.7368182;-44.10272727
-2;520.3836364;-43.53181818
-2;515.9876364;-43.96
-2;511.6201818;-43.67454545
-2;507.2955455;-43.24636364
-2;502.9566364;-43.38909091
-2;498.6177273;-43.38909091
-2;494.3501818;-42.67545455
-2;490.0826364;-42.67545455
-2;485.8008182;-42.81818182
-2;481.5760909;-42.24727273
-2;477.3656364;-42.10454545
-2;473.1123636;-42.53272727
-2;468.9304545;-41.81909091
-2;464.7770909;-41.53363636
-2;460.5666364;-42.10454545
-2;456.4275455;-41.39090909
-2;452.3027273;-41.24818182
-2;448.1493636;-41.53363636
-2;444.0530909;-40.96272727
-2;439.9425455;-41.10545455
-2;435.832;-41.10545455
-2;431.7785455;-40.53454545
-2;427.7108182;-40.67727273
-2;423.6430909;-40.67727273
-2;419.6181818;-40.24909091
-2;415.579;-40.39181818
-2;411.5398182;-40.39181818
-2;407.572;-39.67818182
-2;403.5470909;-40.24909091
-2;399.565;-39.82090909
-2;395.6257273;-39.39272727
-2;391.6293636;-39.96363636
-2;387.6758182;-39.53545455
-2;383.7365455;-39.39272727
-2;379.783;-39.53545455
-2;375.8722727;-39.10727273
-2;371.933;-39.39272727
-2;368.008;-39.25
-2;364.1115455;-38.96454545
-2;360.1865455;-39.25
-2;356.3186364;-38.67909091
-2;352.4364545;-38.82181818
-2;348.5542727;-38.82181818
-2;344.7149091;-38.39363636
-2;340.847;-38.67909091
-2;337.0076364;-38.39363636
-2;333.1968182;-38.10818182
-2;329.3574545;-38.39363636
-2;325.5609091;-37.96545455
-2;321.7500909;-38.10818182
-2;317.9678182;-37.82272727
-2;314.1998182;-37.68
-2;310.4175455;-37.82272727
-2;306.6638182;-37.53727273
-2;302.8958182;-37.68
-2;299.1278182;-37.68
-2;295.4026364;-37.25181818
-2;291.6346364;-37.68
-2;287.938;-36.96636364
-2;284.1985455;-37.39454545
-2;280.5019091;-36.96636364
-2;276.8195455;-36.82363636
-2;273.1229091;-36.96636364
-2;269.4548182;-36.68090909
-2;265.7581818;-36.96636364
-2;262.0900909;-36.68090909
-2;258.4362727;-36.53818182
-2;254.7824545;-36.53818182
-2;251.1571818;-36.25272727
-2;247.4890909;-36.68090909
-2;243.8923636;-35.96727273
-2;240.2528182;-36.39545455
-2;236.6418182;-36.11
-2;233.0450909;-35.96727273
-2;229.4483636;-35.96727273
-2;225.8944545;-35.53909091
-2;222.2977273;-35.96727273
-2;218.7438182;-35.53909091
-2;215.1470909;-35.96727273
-2;211.6074545;-35.39636364
-2;208.0535455;-35.53909091
-2;204.5139091;-35.39636364
-2;201.0028182;-35.11090909
-2;197.4489091;-35.53909091
-2;193.9663636;-34.82545455
-2;190.4267273;-35.39636364
-2;186.9299091;-34.96818182
-2;183.4188182;-35.11090909
-2;179.922;-34.96818182
-2;176.4537273;-34.68272727
-2;172.9569091;-34.96818182
-2;169.5029091;-34.54
-2;166.0060909;-34.96818182
-2;162.5806364;-34.25454545
-2;159.0980909;-34.82545455
-2;155.6583636;-34.39727273
-2;152.1900909;-34.68272727
-2;148.7646364;-34.25454545
-2;145.3249091;-34.39727273
-2;141.8994545;-34.25454545
-2;138.4882727;-34.11181818
-2;135.0628182;-34.25454545
-2;131.6801818;-33.82636364
-2;128.2404545;-34.39727273
-2;124.8720909;-33.68363636
-2;121.4466364;-34.25454545
-2;118.0925455;-33.54090909
-2;114.6956364;-33.96909091
-2;111.3415455;-33.54090909
-2;107.9589091;-33.82636364
-2;104.6048182;-33.54090909
-2;101.265;-33.39818182
-2;97.91090909;-33.54090909
-2;94.58536364;-33.25545455
-2;91.24554545;-33.39818182
-2;87.94854545;-32.97
-2;84.60872727;-33.39818182
-2;81.34027273;-32.68454545
-2;78.00045455;-33.39818182
-2;74.732;-32.68454545
-2;71.40645455;-33.25545455
-2;68.15227273;-32.54181818
-2;64.85527273;-32.97
-2;61.57254545;-32.82727273
-2;58.30409091;-32.68454545
-2;55.03563636;-32.68454545
-2;51.75290909;-32.82727273
-2;48.49872727;-32.54181818
-2;45.24454545;-32.54181818
-2;42.00463636;-32.39909091
-2;38.75045455;-32.54181818
-2;35.51054545;-32.39909091
-2;32.27063636;-32.39909091
-2;29.045;-32.25636364
-2;25.81936364;-32.25636364
-2;22.59372727;-32.25636364
-2;19.38236364;-32.11363636
-2;16.14245455;-32.39909091
-2;12.95963636;-31.82818182
-2;9.734;-32.25636364
-2;6.551181818;-31.82818182
-2;3.339818182;-32.11363636
-2;0.171272727;-31.68545455
-2;-3.054363636;-32.25636364
-2;-6.208636364;-31.54272727
-2;-9.434272727;-32.25636364
-2;-12.57427273;-31.4
-2;-15.79990909;-32.25636364
-2;-18.93990909;-31.4
-2;-22.15127273;-32.11363636
-2;-25.277;-31.25727273
-2;-28.47409091;-31.97090909
-2;-31.61409091;-31.4
-2;-34.79690909;-31.82818182
-2;-37.90836364;-31.11454545
-2;-41.09118182;-31.82818182
-2;-44.20263636;-31.11454545
-2;-47.35690909;-31.54272727
-2;-50.45409091;-30.97181818
-2;-53.62263636;-31.68545455
-2;-56.73409091;-31.11454545
-2;-59.87409091;-31.4
-2;-62.957;-30.82909091
-2;-66.11127273;-31.54272727
-2;-69.19418182;-30.82909091
-2;-72.34845455;-31.54272727
-2;-75.40281818;-30.54363636
-2;-78.55709091;-31.54272727
-2;-81.64;-30.82909091
-2;-84.75145455;-31.11454545
-2;-87.82009091;-30.68636364
-2;-90.94581818;-31.25727273
-2;-94.00018182;-30.54363636
-2;-97.11163636;-31.11454545
-2;-100.1517273;-30.40090909
-2;-103.2489091;-30.97181818
-2;-106.3032727;-30.54363636
-2;-109.3719091;-30.68636364
-2;-112.4405455;-30.68636364
-2;-115.5234545;-30.82909091
-2;-118.5920909;-30.68636364
-2;-121.675;-30.82909091
-2;-124.7436364;-30.68636364
-2;-127.8265455;-30.82909091
-2;-130.8951818;-30.68636364
-2;-133.9495455;-30.54363636
-2;-137.0181818;-30.68636364
-2;-140.0725455;-30.54363636
-2;-143.1269091;-30.54363636
-2;-146.1812727;-30.54363636
-2;-149.2356364;-30.54363636
-2;-152.2757273;-30.40090909
-2;-155.3158182;-30.40090909
-2;-158.3559091;-30.40090909
-2;-161.396;-30.40090909
-2;-164.4218182;-30.25818182
-2;-167.4619091;-30.40090909
-2;-170.4734545;-30.11545455
-2;-173.5135455;-30.40090909
-2;-176.5108182;-29.97272727
-2;-179.5509091;-30.40090909
-2;-182.5339091;-29.83
-2;-185.5882727;-30.54363636
-2;-188.557;-29.68727273
-2;-191.5970909;-30.40090909
-2;-194.5658182;-29.68727273
-2;-197.5916364;-30.25818182
-2;-200.5603636;-29.68727273
-2;-203.5719091;-30.11545455
-2;-206.5406364;-29.68727273
-2;-209.5379091;-29.97272727
-2;-212.5066364;-29.68727273
-2;-215.4896364;-29.83
-2;-218.4726364;-29.83
-2;-221.4556364;-29.83
-2;-224.4386364;-29.83
-2;-227.4073636;-29.68727273
-2;-230.3903636;-29.83
-2;-233.3590909;-29.68727273
-2;-236.3278182;-29.68727273
-2;-239.2822727;-29.54454545
-2;-242.2795455;-29.97272727